{"count":1,"self":102.2793536,"total":103.36312799999999,"children":{"InitializeActuators":{"count":8,"self":0.0019998,"total":0.0019998,"children":null},"InitializeSensors":{"count":8,"self":0.0010000999999999999,"total":0.0010000999999999999,"children":null},"AgentSendState":{"count":4918,"self":0.2997588,"total":0.34503259999999997,"children":{"CollectObservations":{"count":7872,"self":0.021624499999999998,"total":0.021624499999999998,"children":null},"WriteActionMask":{"count":7872,"self":0.0095036,"total":0.0095036,"children":null},"RequestDecision":{"count":7872,"self":0.014145699999999999,"total":0.014145699999999999,"children":null}}},"DecideAction":{"count":4918,"self":0.5586742,"total":0.57480259999999994,"children":{"RayPerceptionSensor.Perceive":{"count":23616,"self":0.016128399999999998,"total":0.016128399999999998,"children":null}}},"AgentAct":{"count":4918,"self":0.1609382,"total":0.1609382,"children":null}},"gauges":{},"metadata":{"timer_format_version":"0.1.0","start_time_seconds":"1669724643","unity_version":"2021.3.8f1","command_line_arguments":"C:\\Program Files\\Unity\\Hub\\Editor\\2021.3.8f1\\Editor\\Unity.exe -projectpath E:\\Github\\ML_Agents\\ML_Agents_URP -useHub -hubIPC -cloudEnvironment production -licensingIpc LicenseClient-ANT -hubSessionId 7994d2e0-6fdf-11ed-be10-8912bceb02c2 -accessToken Sy5cU5B6iypvTSlP5k_TtWGKvCqTGmaPhaJHQTc9v2U00cf","communication_protocol_version":"1.5.0","com.unity.ml-agents_version":"2.0.1","scene_name":"Training","end_time_seconds":"1669724746"}}